id,word,definition,instruction,source,category
25,ok,Expression of agreement or acceptance.,"Sign the letters ""O"" and ""K"".",https://d2drp7fo8uq4gv.cloudfront.net/764bc419-5347-4108-9222-18d3addf6230.mp4,communication
177,soup,Liquid food.,Begin with the fingertip of your middle finger of your dominant hand against the palm side of your non-dominant hand. Then move the fingertips of your index and middle fingers up to your mouth a couple of times.,https://d2drp7fo8uq4gv.cloudfront.net/5a1873d9-80f1-487e-99a6-58d10719b9e6.mp4,food & drink
66,play,Engage in recreation or fun.,Place both hands in front of your with your thumbs pointing toward your chest. Alternate bringing your hands toward your chest and dragging your thumbs down on your chest.,https://d2drp7fo8uq4gv.cloudfront.net/a88946bd-9a1d-43eb-9afa-af1a38232b49.mp4,activity
73,learn,Gain knowledge or skill.,Begin with the fingertips of your dominant hand on the palm of your non-dominant hand. Bring your dominant hand to your forehead while also bringing your fingertips together.,https://d2drp7fo8uq4gv.cloudfront.net/a0dd2239-efd1-473a-ae1d-74a458b6afba.mp4,activity
123,purple,A color made from red and blue.,"Begin with your hand in front of you with your index finger pointing forward and your palm oriented downward. Then, slightly rotate your wrist from side to side a couple of times.",https://d2drp7fo8uq4gv.cloudfront.net/68d8fce8-c19f-44dd-8718-f0cf25c585fb.mp4,color
15,who,Question word asking about a person.,"Begin with your hand in front of your face with your palm oriented to the side, your thumb against your chin, and your index finger pointing up. Then, curl your index finger slightly down a couple of times.",https://d2drp7fo8uq4gv.cloudfront.net/cbf6e965-82a1-45a6-9cc4-ab3cfb19146d.mp4,question
9,girl,A female child.,Move your thumb across your jaw a couple of times.,https://d2drp7fo8uq4gv.cloudfront.net/1e981214-0334-4306-b156-232a8fab29f4.mp4,people
33,afternoon,Time of day after noon.,"Place your non-dominant hand under the elbow of your dominant hand. The dominant hand should be open with the fingers together. Begin the sign with the dominant hand facing forwards and slightly bent down, and then angle the forearm and hand downwards 2 times.",https://d2drp7fo8uq4gv.cloudfront.net/a083667c-c9e4-4d0e-be5f-b401ff72e29e.mp4,time
118,blue,A primary color like the sky.,Place your hand in front of you with your fingers vertical. Slightly rotate your wrist back and forth a couple of times.,https://d2drp7fo8uq4gv.cloudfront.net/fc1fa908-a04c-49a6-91d6-42b8acf2323a.mp4,color
129,about,Concerning a topic.,"Place the fingertips of your non-dominant hand together and keep it in front of you for the duration of the sign. With a ""1"" handshape, your dominant hand will begin by being placed on the index finger of the other hand, and then making a circle around the other hand.",https://d2drp7fo8uq4gv.cloudfront.net/eceb2118-69bf-4e94-b622-3684e4207fc1.mp4,preposition
13,family,A group of related people.,"Begin with both hands next to each other on the thumb side of your hands. Then, rotate your wrists until your hands make contact on the pinkie side of your hands.",https://d2drp7fo8uq4gv.cloudfront.net/800f02fe-b748-487d-8339-25f504328ee0.mp4,people
36,minute,Unit of time equal to 60 seconds.,"With both palms oriented toward each other, place your dominant hand near the top of the fingers of your non-dominant hand. Then, slightly move the index finger of your dominant hand back and forth a couple of times.",https://d2drp7fo8uq4gv.cloudfront.net/3e9906b6-03d6-49a6-805d-14738ad0e395.mp4,time
164,accountant,Person who manages financial records.,"Slide the fingertips of the thumb and index finger of your dominant hand across the palm of your non-dominant hand 2 times, then sign ""person"". This sign is a combination of the signs for ""count"" and ""person"".",https://d2drp7fo8uq4gv.cloudfront.net/53fa3032-2081-4067-a5bb-b261a83ff5e1.mp4,job
8,boy,A male child.,Begin with your hand in front of your forehead and bring your fingertips together 2 times.,https://d2drp7fo8uq4gv.cloudfront.net/c8be36a3-ef5f-4f00-a1a8-ede6c09da594.mp4,people
68,use,Employ for a purpose.,"Begin with both hands in front of you with the wrist of your dominant hand slightly above the back of your non-dominant hand. Then, move your dominant hand slightly to the side a couple of times, making contact with the back of your dominant hand each time.",https://d2drp7fo8uq4gv.cloudfront.net/58f0f7f1-e67c-4cd6-8ccb-88fe0bc2afc3.mp4,activity
195,tree,Woody plant with trunk and branches.,"Begin with your non-dominant hand underneath the elbow of your dominant hand. Your dominant hand should be vertical with the palm of your dominant hand oriented to the inside. Then, slightly rotate your wrist from side to side a couple of times.",https://d2drp7fo8uq4gv.cloudfront.net/8fbc35ef-833e-4bc0-a4f8-497818b81467.mp4,plant
88,talk,Engage in speech.,"Begin with both hands in a ""1"" handshape near, but slightly below your face. Alternate moving your index fingers from both hands away and towards yourself a couple of times.",https://d2drp7fo8uq4gv.cloudfront.net/0f7acdb9-8ef7-4a94-afb9-0ff2f570b1bf.mp4,activity
65,work,Engage in a job or task.,"Tap the wrist area of your dominant hand on top of the back of your non-dominant hand. Your dominant hand should be vertical and oriented away from yourself, and your non-dominant hand should be oriented down and set out in front of you.",https://d2drp7fo8uq4gv.cloudfront.net/575d70d4-6234-48d3-acb2-e082e31cd7d7.mp4,activity
89,ask,Request information or action.,"Begin with both palms against each other with all your fingers except for your thumbs facing forwards. Then, rotate your hands up until those fingers are facing upwards.",https://d2drp7fo8uq4gv.cloudfront.net/5590f7aa-80c4-4092-bb7b-39ca8a1c1d2b.mp4,activity
173,fish,Aquatic animal used as food.,"Begin with your hand near your shoulder and your hand turned so that your thumb is facing up. Then move your hand away from you, while wiggling your hand, mimicking the movement of a fish through the water.",https://d2drp7fo8uq4gv.cloudfront.net/215e548b-a4c1-4630-812f-f8c7a4b1dedc.mp4,food & drink
154,glasses,Frames holding lenses for vision.,Move your hands against your face a couple of times with your thumb and index fingers making the outline of eyeglasses.,https://d2drp7fo8uq4gv.cloudfront.net/8bc4bac0-9a1b-4bf4-bdd6-0d05159c205f.mp4,thing
199,leaf,Flat green part of a plant.,"Begin with your dominant hand oriented down and the index finger of your non-dominant hand against the wrist of your dominant hand. Then, slightly rotate your wrist back and forth a couple of times.",https://d2drp7fo8uq4gv.cloudfront.net/bb5cfba9-6101-45d8-8e8e-2d93f210b69c.mp4,plant
190,pig,Domesticated swine.,"Place your hand underneath your chin with your palm oriented down. Then, bend your fingers down a couple of times.",https://d2drp7fo8uq4gv.cloudfront.net/a9b7176b-d814-4f3c-bb0c-ba47b2c36dc5.mp4,animal
98,give,Hand over to someone.,"Begin with both hands next to each other in front of you with your palms oriented toward yourself. Your hands should be pointing up when you begin, then you should bend your hands down until your hands are pointing away from yourself.",https://d2drp7fo8uq4gv.cloudfront.net/9e8fc657-47cc-47c1-b20c-0ebec53efa1e.mp4,activity
94,watch,Observe attentively.,"Begin with both hands next to each other in front of you with your palms oriented down and your index and middle fingers pointing forward. Then, slightly move your hands forward a couple of times.",https://d2drp7fo8uq4gv.cloudfront.net/51430c23-3dc5-4ca1-ad70-642201d9b87d.mp4,activity
17,where,Question word asking about location.,"With your hand in front of you in a ""1"" handshape and your palm oriented away from yourself, wiggle your index finger from side to side a couple of times.",https://d2drp7fo8uq4gv.cloudfront.net/a1b0e53d-7ecc-49d6-80a4-324ab63fec73.mp4,question
125,in,Inside or within.,Move the fingertips of your dominant hand into the gap in-between the thumb and your other fingers of your non-dominant hand 2 times.,https://d2drp7fo8uq4gv.cloudfront.net/96c6ebae-c524-47ab-b6a7-efffa4429ce9.mp4,preposition
149,book,Written or printed work.,"Begin with your palms against each other with your fingers facing forward. Then, open your hands up until your palms are oriented upwards.",https://d2drp7fo8uq4gv.cloudfront.net/513e6681-4562-4781-8a7e-8befd799cd2c.mp4,thing
93,look,Direct one’s gaze.,"With your hands oriented toward each other, move them both in a staggered, circular motion that move from above your shoulders to in front of your face a couple of times.",https://d2drp7fo8uq4gv.cloudfront.net/8166911d-2b5f-4355-919e-c2def695af4d.mp4,activity
96,try,Attempt to do something.,"Begin with both hands next to each other in front of you with your palms oriented toward yourself. Then, move your hands forward while rotating your wrist forward until your palms are oriented away from yourself.",https://d2drp7fo8uq4gv.cloudfront.net/2d55d247-6561-4225-8ec5-492b907469ad.mp4,activity
104,fine,Feeling okay or well.,"Begin with your hand in a ""5"" handshape with the thumb of your hand touching your chest. Then move your hand away from yourself while slightly rotating your wrist.",https://d2drp7fo8uq4gv.cloudfront.net/976d60f9-67ff-48a9-b02d-32febad23a8e.mp4,feeling
126,out,To the outside.,"Begin with your dominant hand inside the gap between the thumb and other fingers of your non-dominant hand. Then, move your dominant hand out and away from your non-dominant hand while bringing your fingertips together.",https://d2drp7fo8uq4gv.cloudfront.net/fb326f29-2d4e-4c01-8584-245db8f7647f.mp4,preposition
185,animal,Living organism that moves and feeds.,Begin with the fingertips of both hands touching near your shoulders. Move your wrists inwards a couple of times while keeping your fingertips in the same area.,https://d2drp7fo8uq4gv.cloudfront.net/d7e46092-0370-42dc-99fc-626f50568b2b.mp4,animal
168,driver,Person who operates a vehicle.,"This sign is a combination of the signs for ""car"" and ""person""",https://d2drp7fo8uq4gv.cloudfront.net/3c6fbcc5-be7a-47e0-85be-8ee46ee89f15.mp4,job
77,make,Create or build.,Begin with the pinkie side of your dominant hand on the thumb side of your dominant hand with both palms oriented toward yourself. Bend your wrists forward a couple of times while keeping your hands together.,https://d2drp7fo8uq4gv.cloudfront.net/25655b80-e6fc-402a-956d-ef5942aa14bc.mp4,activity
139,post office,Place that handles mail.,"Place your hand in front of you and sign the letters ""P"" then ""O"".",https://d2drp7fo8uq4gv.cloudfront.net/938ae0c9-daed-4b56-b6fc-f3dbe8a67267.mp4,
87,tell,Communicate information.,Begin with your index finger below your mouth and your palm oriented towards yourself. Then bring your hand forward until your index finger is pointing away from yourself.,https://d2drp7fo8uq4gv.cloudfront.net/5549d067-67b8-44d9-9080-be2ddd06c708.mp4,activity
90,answer,Respond to a question.,"Begin with both hands in a ""1"" handshape. The index finger of your dominant hand should be touching your chin. Both hands should begin with your palms oriented away from yourself and your wrists bent back. Then you should bend both wrist forwards until your palms are oriented downwards.",https://d2drp7fo8uq4gv.cloudfront.net/88e4b23a-0e39-475f-b06e-b8a94cf638c3.mp4,activity
2,you,Second-person pronoun addressing the listener.,Point directly in front of yourself with your index finger while moving your hand slightly forward.,https://d2drp7fo8uq4gv.cloudfront.net/a662f535-c9cd-4397-b35a-4ad1b00fa8c1.mp4,pronouns
179,water,Clear liquid essential for life.,"Place your hand in front of you with your index, middle, and ring fingers facing up, with your index finger closest to your chin. Then move your hand to your face and make contact with your index finger to your chin 2 times.",https://d2drp7fo8uq4gv.cloudfront.net/07728636-f8b6-404c-8fd1-89d70581c050.mp4,food & drink
14,people,Human beings collectively.,"With both hands next to each other in front of you, stagger making a forward circular motion with each hand a couple of times.",https://d2drp7fo8uq4gv.cloudfront.net/1747fce8-0851-4f07-ac56-995302b26aa7.mp4,people
140,office,Workspace in a business.,"Begin with both hands in front of you with your non-dominant hand closer to yourself and both palms oriented toward yourself. Then, bend both wrists forward so that your palms are oriented away from yourself.",https://d2drp7fo8uq4gv.cloudfront.net/3a8bcf6f-8d76-4a35-969c-62d510f08802.mp4,
6,they,Third-person plural pronoun.,"To sign ""They"" in ASL, extend your dominant index finger and point toward the group of people or the space you have assigned to them. Move your hand in a small, horizontal sweeping motion or arc while pointing.",https://www.handspeak.com/word/t/the/they.mp4,pronouns
110,cold,Low in temperature.,"Place your hand in front of your face with your thumb and index fingers near your nose. Move your hand down a couple of times, bringing your thumb and index fingers together as you move your hand down. This sign mimics a person wiping their nose because of having a cold.",https://d2drp7fo8uq4gv.cloudfront.net/de0ee298-6c92-4ac9-b001-21fa5ee8a7e4.mp4,attribute
106,bad,Not good or unpleasant.,Begin with your dominant hand facing towards yourself and your fingers touching your mouth. Bring your dominant hand down to your non-dominant hand while rotating your wrist so that the sign ends with both hands facing towards each other with your hands together.,https://d2drp7fo8uq4gv.cloudfront.net/c6eefba4-285d-435d-a067-65c87158e2af.mp4,feeling
16,what,Question word asking for information.,"Begin with both hands next to each other in front of you with your palms oriented up. Then, slightly move your hands from side to side in opposite directions a couple of times.",https://d2drp7fo8uq4gv.cloudfront.net/93eb455c-e696-44ed-838a-6ac4b433b3df.mp4,question
151,phone,Device for voice communication.,"Mimic the motion of putting a rotary phone up to the side of your head, by place your hand up to the side of your head, with your pinkie near your chin and your thumb at your ear.",https://d2drp7fo8uq4gv.cloudfront.net/90ba8822-3ca1-4fe2-ac11-99b825548732.mp4,thing
70,think,Have a thought or consider.,"Begin with your palm oriented toward yourself and the fingertips of your hand next to the side of your forehead. Then, move your hand in a circular motion around the side of your forehead while moving your fingers in different directions up and down.",https://d2drp7fo8uq4gv.cloudfront.net/3153b05b-1329-4dda-a4f3-8d0a9d7771ba.mp4,activity
53,leave,Go away from a place.,Begin with your hands next to each other and away from your body. Bring both hands toward yourself while bringing your fingertips together.,https://d2drp7fo8uq4gv.cloudfront.net/4b7b7e12-20c8-48e6-a5f8-95be2df10c12.mp4,activity
3,your,Possessive pronoun meaning belonging to you.,"With your palm oriented forward, away from yourself, move your hand slightly forward.",https://d2drp7fo8uq4gv.cloudfront.net/f66cdfdd-6e6f-4882-962a-60ea769d0abe.mp4,pronouns
172,meat,Animal flesh as food.,"Begin with your dominant hand on top of the index finger side of your non-dominant hand with your thumb and index fingers grabbing onto your other hand. Then, move your hands slightly forward a couple of times.",https://d2drp7fo8uq4gv.cloudfront.net/66ee2bf4-a3d4-4f7a-8b1a-5d89b78786a9.mp4,food & drink
196,flower,Blooming part of a plant.,Place your fingertips on the cheek closer to your hand and then move your fingertips over to your other cheek.,https://d2drp7fo8uq4gv.cloudfront.net/dd2df5e0-2e7b-457e-9d21-b3d349739e4f.mp4,plant
194,monkey,Primate known for agility.,"Begin with your hands pointing down and placed next to the sides of your chest. Then, bring your fingers into contact with your chest a couple of times, while curling in your fingertips.",https://d2drp7fo8uq4gv.cloudfront.net/b06eaee1-d25d-44ea-9cf4-13fd0a2fd058.mp4,animal
169,artist,Person who creates art.,"Sign ""art"" then ""person"".",https://d2drp7fo8uq4gv.cloudfront.net/09ce7d23-08ee-4015-bce8-27ded2a6e160.mp4,job
10,man,An adult male person.,"Begin with your hand in an ""A"" handshape, with your thumb touching your forehead. Then, bring your hand down and touch your thumb on the center of your chest, and changing your handshape to a ""5"" handshape a you move down.",https://d2drp7fo8uq4gv.cloudfront.net/6afaeba4-c8cc-4a71-a20c-cbbaf0db4b1d.mp4,people
83,support,Provide assistance or backing.,Place both hands in front of you with your dominant hand underneath your non-dominant hand. Tap the top of your dominant hand against the bottom of your non-dominant hand,https://d2drp7fo8uq4gv.cloudfront.net/4611cd76-297f-4e98-80f3-731e11c033c5.mp4,activity
60,stop,Cease movement or action.,Place the pinkie side of your dominant hand on the palm of your non-dominant hand.,https://d2drp7fo8uq4gv.cloudfront.net/d72fd816-2d45-446d-9ed3-c7a32110de78.mp4,activity
183,juice,Drink made from fruit.,"With your hand in front of you, oriented to the inside, and your pinkie pointing away from you, slightly wiggle your wrist back and forth a few times.",https://d2drp7fo8uq4gv.cloudfront.net/117b188e-2a77-4a8b-a955-3c615558c879.mp4,food & drink
50,tomorrow,The day after today.,"Begin with your thumb touching the side of your chin with your palm oriented forward. Then, rotate your wrist forward until your thumb is pointing up.",https://d2drp7fo8uq4gv.cloudfront.net/34628485-6f9c-4fd2-bd14-5c56842b6faf.mp4,time
152,wallet,Small folding case for money.,"Begin with both hands next to each other with the palm side of each hand against each other in front of you. Then, keeping the fingertips of your hands together, move your palms away from each other, mimicking a wallet opening up.",https://d2drp7fo8uq4gv.cloudfront.net/3ad5ccac-359e-4c12-9696-5d9f477e74ec.mp4,thing
4,he/she,Third-person singular pronoun.,"To sign ""He,"" simply act as though you are tipping the brim of a hat. Bring your dominant hand up to your forehead with your fingers together and palm facing in, then move it slightly away from your forehead in a short, forward motion.",https://www.handspeak.com/word/h/he/he.mp4,pronouns
180,coffee,Beverage made from roasted beans.,"Begin with both hands in front of you with your dominant hand on top of your non-dominant hand. Then, move your dominant hand around in a circle on top of your non-dominant hand a couple of times.",https://d2drp7fo8uq4gv.cloudfront.net/6e3d10ab-9861-46e5-acd8-1f6e0dc372cd.mp4,food & drink
122,black,Darkest color from absence of light.,"Begin with your index finger pointing towards just past the far side of your forehead. Then, move your finger across your forehead.",https://d2drp7fo8uq4gv.cloudfront.net/30b4da51-468b-4ddf-b229-485f5b0dc40b.mp4,color
111,warm,Moderately hot.,"Begin with your hand in front of your mouth with your fingertips pointing at your mouth. Then, move your hand away from your mouth while opening up your handshape into a ""5"" handshape.",https://d2drp7fo8uq4gv.cloudfront.net/5f4ccf49-f148-419e-9dfe-e8fffd4a3958.mp4,attribute
61,visit,Go to see someone or someplace.,"Begin with both hands next to each other close to your chest with your palms oriented toward yourself. Then, move both hands in unison forward, away from yourself.",https://d2drp7fo8uq4gv.cloudfront.net/a1f2ceb1-1112-49c3-92e7-591fa56f2094.mp4,activity
109,hot,Having high temperature.,"Begin with your hand next to your face with your fingertips touching your cheek. Then, rotate your wrist while moving your hand away from your face.",https://d2drp7fo8uq4gv.cloudfront.net/5b108331-9c84-4f71-b6ea-e1e7110c60c1.mp4,attribute
12,friend,A person with whom one has a bond of mutual affection.,"Begin with your index fingers oriented toward each other, with your dominant hand oriented away from yourself and your non-dominant hand oriented toward yourself. Bring your index fingers toward each other until they make contact and then rotate your hands so that your palm orientations are reversed and then make contact with your index fingers again.",https://d2drp7fo8uq4gv.cloudfront.net/09cc6384-e34e-4a8a-970e-5ca9e654220d.mp4,people
79,take,Remove or acquire.,"Place your hand in front of you in a ""5"" handshape, then move it back toward yourself, while changing it to a ""S"" handshape.",https://d2drp7fo8uq4gv.cloudfront.net/ace9837c-8b32-45b8-be9b-b4041d64d79b.mp4,activity
11,woman,An adult female person.,"Begin with your the thumb of your hand touching your chin and your other fingers pointing up. Then, move your hand down and touch your thumb against the center of your chest.",https://d2drp7fo8uq4gv.cloudfront.net/8b4f4bd7-4bba-4238-abe7-2615738cffea.mp4,people
26,thank,Expression of gratitude.,"Begin with both hands next to each other in front of you with your palms oriented toward yourself, and your hands diagonal so that your fingers are pointing at your chin. The fingertips of your dominant hand should be touching your chin. Then, move your hands forward a couple of times.",https://d2drp7fo8uq4gv.cloudfront.net/d6e3efab-f310-49de-87a4-3e66e02a74d9.mp4,communication
47,Sunday,The seventh day of the week.,"Begin with both hands in front of you with your palms oriented away from yourself. Then, move both hands in a circle 2 times. The circle on both hands should begin by moving slightly down and then towards the other hand.",https://d2drp7fo8uq4gv.cloudfront.net/d2c0690e-1ab2-470e-835c-1544fb45120b.mp4,time
138,library,Place to borrow books.,"With your hand in front of you and oriented away from yourself, move your hand in a circle a couple of times.",https://d2drp7fo8uq4gv.cloudfront.net/166f52be-233e-46fe-923f-05c48204ac70.mp4,
67,buy,Acquire by paying.,Begin with your dominant hand on top of the palm of your non-dominant hand. Bring your dominant hand forward as if handing some money to someone.,https://d2drp7fo8uq4gv.cloudfront.net/d7861550-ced7-4737-ac90-68a44c387008.mp4,activity
41,Monday,The first weekday.,"WIth your hand in front of you in an ""M"" handshape and your palm oriented towards yourself, move your hand in a circular motion once or twice.",https://d2drp7fo8uq4gv.cloudfront.net/8094a4a9-6c64-47cc-a843-baab928161f9.mp4,time
107,big,Of large size.,"Begin with both hands next to each other in front of you and with your palms oriented toward each other. Then, move your hands away from each other, rotating your wrists back as you move so the your palms are oriented away from yourself at the end of the sign.",https://d2drp7fo8uq4gv.cloudfront.net/6f645b0a-c7af-4c24-bd55-12d22dc5c325.mp4,attribute
84,write,Form letters or words.,"Place your dominant hand down on the palm of your non-dominant hand and drag your fingers across your palm a couple of times, mimicking a writing motion.",https://d2drp7fo8uq4gv.cloudfront.net/ac317406-225a-4139-adeb-2ca9600d5f70.mp4,activity
146,desk,Piece of furniture with a writing surface.,"Place both arms horizontally in front of you with the arm of your dominant hand on top. Move the arm of your dominant hand slightly up and down a couple times, tapping the arm of your non-dominant hand.",https://d2drp7fo8uq4gv.cloudfront.net/b8cbffc1-e8ca-409a-bbfc-b1f88564a982.mp4,thing
80,bring,Carry toward the speaker.,Begin with both hands in front of you with your palms oriented upwards and your hands starting closer to the arm of your dominant hand. Then move your hands away from yourself.,https://d2drp7fo8uq4gv.cloudfront.net/5aa85d20-8ca3-4635-ba74-6e74d98e6482.mp4,activity
37,month,One of twelve divisions of a year.,"Place your non-dominant hand in front of you with your palm oriented away from yourself. Place the index finger of your dominant hand horizontally behind the top of the index finger of your non-dominant hand. Then, move your hand down the back of your index finger.",https://d2drp7fo8uq4gv.cloudfront.net/076a6621-3875-4a43-8409-a69e84ed6b0b.mp4,time
162,teacher,Person who educates others.,"This sign is a combination of the signs for ""teach"" and ""person"".",https://d2drp7fo8uq4gv.cloudfront.net/f5bc824f-9e6a-4574-b26a-77cbaa123d2b.mp4,job
102,happy,Feeling pleasure or contentment.,Begin with your hand in front of your chest with your palm oriented toward yourself and your fingers horizontal. Move your hand up and toward yourself a couple of times.,https://d2drp7fo8uq4gv.cloudfront.net/635d6537-9bd8-42f2-86b0-5ab1fc1c9b79.mp4,feeling
155,umbrella,Portable canopy for rain.,"Begin with your dominant hand above your non-dominant hand, and then tap the pinkie side of your dominant hand on the thumb side of your non-dominant hand a couple of times.",https://d2drp7fo8uq4gv.cloudfront.net/365cb49a-85d7-4ad0-9d22-1aa9f456634e.mp4,thing
166,lawyer,Legal professional.,"This sign is a combination of the signs for ""law"" and ""person"".",https://d2drp7fo8uq4gv.cloudfront.net/830bdf86-9c61-44c8-b738-de7d4b56b9f8.mp4,job
136,store,Place where goods are sold.,"Begin with both hands next to each other in front of you with your fingertips pointing down. Then, rotate your hands slightly forward a couple of times.",https://d2drp7fo8uq4gv.cloudfront.net/414db165-862f-4cb8-a832-3f22902e83c5.mp4,place
100,open,Move to allow access.,"Begin with both hands next to each other in front of you with your fingers pointing away from you and your hands in a horizontal position. Rotate your wrists up and move your hands away from each other, ending with your palms oriented toward each other.",https://d2drp7fo8uq4gv.cloudfront.net/0415d43b-bb5b-4066-9eed-c367255ad3ee.mp4,activity
82,help,Assist someone.,Place your non-dominant hand in front of you with your palm orientation facing up. Your dominant hand should begin slightly above your non-dominant hand with your thumb facing up. The movement of this sign is done by tapping your dominant hand on your non-dominant hand 2 times.,https://d2drp7fo8uq4gv.cloudfront.net/e6bc052f-7bc5-4a71-aaa7-a094954c0896.mp4,activity
121,white,Color of snow or milk.,"Begin with your fingertips against your chest, then move your hand up to your face while opening up your handshape into a ""5"" handshape.",https://d2drp7fo8uq4gv.cloudfront.net/70b12ec1-2f25-4187-9362-223cac41b0e6.mp4,color
30,day,A 24-hour period.,Begin with your non-dominant hand underneath the elbow of your dominant hand. The forearm of your dominant hand should be vertical and your dominant hand should be oriented toward yourself. Move your forearm down until your dominant hand is on top of the forearm of your non-dominant hand.,https://d2drp7fo8uq4gv.cloudfront.net/a2cf2583-22fe-4919-b35d-b9e16eccad87.mp4,time
0,I/me,Personal pronoun referring to oneself.,"Using an ""I"" handshape, begin with your hand away from yourself and bring it in until you touch your chest.",https://d2drp7fo8uq4gv.cloudfront.net/bd9841c2-0ab4-4bdf-b36c-950c34d30d1e.mp4,pronouns
59,stay,Remain in place.,"Begin with both hands next to each other with your palms oriented down and your thumbs touching each other. Then, move your dominant hand down.",https://d2drp7fo8uq4gv.cloudfront.net/bf12a1f2-6677-417f-830e-8ab72cdbdded.mp4,activity
27,sorry,Apology or regret.,Begin with your hand against your chest with your palm oriented towards yourself. Move your hand in a circular motion around your chest once or twice.,https://d2drp7fo8uq4gv.cloudfront.net/a9f2ba3d-fd41-4347-9c6c-657fd532f7d2.mp4,communication
161,dentist,Doctor specializing in teeth.,Place your hand in front of the side of your mouth with your index finger pointing up and your hand oriented toward yourself. Tap your hand against the side of your mouth with your fingertips 2 times.,https://d2drp7fo8uq4gv.cloudfront.net/880c3544-6119-4e40-a443-74ab60562d71.mp4,job
132,here,In this place.,"Begin with both hands in front of you with your palms oriented up and your fingers pointing away from you. Then, move your hands toward each other a couple of times.",https://d2drp7fo8uq4gv.cloudfront.net/2d849f5a-7db1-48d3-bb38-1ba28639fe32.mp4,preposition
134,home,Place where one lives.,Begin with the fingertips against the side of your chin and then move your hand up and place your fingertips higher up on your face.,https://d2drp7fo8uq4gv.cloudfront.net/358ccf5d-a8d4-4fad-b676-4c42ddb1602d.mp4,place
175,vegetable,Edible plant.,"Begin with your index finger touching the side of your mouth, then move your hand off of your face and rotate your wrist to the inside and touch your middle finger on the side of your mouth.",https://d2drp7fo8uq4gv.cloudfront.net/2a4affc8-25d9-4699-b3fd-bfb4bf18ee91.mp4,food & drink
58,sit,Rest on a seat.,Place the curled index and middle fingers of your dominant hand over the extended index and middle fingers of your non-dominant hand.,https://d2drp7fo8uq4gv.cloudfront.net/ad1dd297-59d6-445f-b896-768d7e1b7021.mp4,activity
75,practice,Repeated exercise to improve skill.,"Place both hands in front of you, with the index finger of your non-dominant hand horizontal and the curled fingers of your dominant hand on top of the index finger. Then slide your dominant hand from side to side a couple of times while staying in contact with your index finger.",https://d2drp7fo8uq4gv.cloudfront.net/a0496dd9-f931-4288-a386-fdc64eddfad2.mp4,activity
135,school,Institution for education.,"Begin with both hands in front of you with the palm of your non-dominant hand facing up and the palm of your dominant hand facing down. Then, bring your dominant hand down and tap your palms together 2 times.",https://d2drp7fo8uq4gv.cloudfront.net/ed708cdb-9edf-492c-940f-0f835aa5103d.mp4,place
142,beach,Sandy shore by a body of water.,"Begin with both hands in front of you with your non-dominant hand oriented downward. Start with your dominant hand slightly above and behind your non-dominant hand. Bring it forward, passing over the back of your non-dominant hand 2 times. Wiggle all of your fingers except for your thumb as you move your dominant hand. This sign mimics waves crashing against a beach.",https://d2drp7fo8uq4gv.cloudfront.net/2f76bfe6-eef1-47e4-b149-09a66a151d28.mp4,
176,fruit,Edible sweet plant product.,Place the tips of your thumb and index fingers against the side of your mouth and rotate your wrist slightly back and forth a couple of times.,https://d2drp7fo8uq4gv.cloudfront.net/d5192f89-db66-4542-9bb2-3c92ec91793f.mp4,food & drink
163,engineer,Professional designing systems or structures.,"Begin with both hands in a ""Y"" handshape. Your hands should be in front of you with your thumbs touching. Then, with your thumbs still together, rotate your dominant hand wrist so that your pinkie moves downwards a couple of times.",https://d2drp7fo8uq4gv.cloudfront.net/d8bf7e8e-49b8-4f0a-982f-cfa22f4b4130.mp4,job
128,with,Together or accompanied by.,"Begin with both hands next to each other with palm oriented toward each other. Then, bring your hands toward each other until they make contact.",https://d2drp7fo8uq4gv.cloudfront.net/9e11355a-667e-4f75-b883-23ea103748ad.mp4,preposition
145,chair,A seat for one person.,Begin with both hands in front of you with the index and middle fingers of your dominant hand slightly above the index and middle fingers of your non-dominant hand. Move your dominant hand down onto your non-dominant hand 2 times. This sign mimics someone sitting on a chair.,https://d2drp7fo8uq4gv.cloudfront.net/4d6afec7-3d77-42dd-88f4-d7f748af1988.mp4,thing
153,key,Metal instrument for locks.,"Press your index finger of your dominant hand against the palm of your non-dominant hand. Then, rotate the wrist of your dominant hand back and forth a couple of times.",https://d2drp7fo8uq4gv.cloudfront.net/5c1b2a67-179f-4269-802d-288f67cda404.mp4,thing
178,cake,Sweet baked dessert.,"Begin with both hands in front of your with your dominant hand on top of your non-dominant hand and your palms oriented toward each other. Then, move your dominant hand up. This sign mimics the shape of a slice of cake.",https://d2drp7fo8uq4gv.cloudfront.net/c4d16c0a-cd2e-45ac-87e0-7debdf7c7f8b.mp4,food & drink
114,hard,Not easy; requiring effort.,"Begin with your dominant hand above the back of your non-dominant hand. Then, bring your dominant hand down until the pinkie side of your dominant hand makes contact with the back of your non-dominant hand.",https://d2drp7fo8uq4gv.cloudfront.net/53cc9b90-521a-4a39-84cf-b3f7881a868b.mp4,attribute
81,clean,Remove dirt or mess.,"With both hands oriented towards each other, slide your dominant hand across the palm of your non-dominant hand a couple of times.",https://d2drp7fo8uq4gv.cloudfront.net/63c7467f-3668-47a4-87d4-70f53d68f275.mp4,activity
187,bird,Feathered flying animal.,"Place the back of your hand against your mouth and move your thumb and index fingers up and down a couple of times, mimicking a bird's mouth moving up and down.",https://d2drp7fo8uq4gv.cloudfront.net/7939162e-3f04-408f-abc3-d44a92ed4203.mp4,animal
78,get,Obtain or receive.,"Begin with both hands away from you in a ""5"" handshape, with your dominant hand on top of your non-dominant hand. Then bring both hands towards yourself, while changing your hands into an ""S"" handshape.",https://d2drp7fo8uq4gv.cloudfront.net/aec8b1f8-bf3a-416d-8e51-df9a187f6213.mp4,activity
148,pen,Writing instrument with ink.,"Begin with your thumb and index fingers against the edge of your mouth. Then, bring your hand down and slide it across your palm.",https://d2drp7fo8uq4gv.cloudfront.net/8cfc80b6-a0dc-4ffc-aa44-13a46d4de97e.mp4,thing
188,chicken,Domestic fowl.,"Begin with the index finger of your dominant hand touching your mouth and the palm of your non-dominant hand laid out in front of you. Bring your dominant hand down to your palm, bringing the fingertips of your thumb and index fingers together as you touch your palm. After touching your palm, slightly lift your dominant hand up, bringing the fingertips of your thumb and index finger apart, and then bring it back down to your palm one more time.",https://d2drp7fo8uq4gv.cloudfront.net/2be6ba48-5d1d-4392-83ae-e01cc026d573.mp4,animal
35,hour,Unit of time equal to 60 minutes.,"With both of your hands oriented towards each other, make a ""1"" handshape with your dominant hand and move it in a circular motion.",https://d2drp7fo8uq4gv.cloudfront.net/41458fbc-7041-476b-8c33-badc56d6ba07.mp4,time
46,Saturday,The sixth weekday.,"With your hand in front of you and facing away from yourself in an ""S"" handshape, move your hand in a small circle a couple of times.",https://d2drp7fo8uq4gv.cloudfront.net/4cda93e8-7d3b-4abb-b412-5971ce57ae09.mp4,time
198,rose,Type of fragrant flower.,Tap the fingertips of your index and middle fingers on both sides of your face.,https://d2drp7fo8uq4gv.cloudfront.net/9fd8d19e-48ff-42d8-8c9f-fbce96dfd6a7.mp4,plant
49,yesterday,The day before today.,"Begin with your hand next to your chin with your thumb touching your chin. Then, move your hand off of your face and place your thumb against the side of your face near your ear.",https://d2drp7fo8uq4gv.cloudfront.net/216b38fd-4f72-4cf8-bcaf-2cabe5d244c6.mp4,time
91,watch,Observe attentively.,"Begin with both hands next to each other in front of you with your palms oriented down and your index and middle fingers pointing forward. Then, slightly move your hands forward a couple of times.",https://d2drp7fo8uq4gv.cloudfront.net/51430c23-3dc5-4ca1-ad70-642201d9b87d.mp4,activity
7,their,Possessive pronoun for third-person plural.,"Begin with your hand in front of you with your palm oriented away from yourself. Then, move your hand slightly forward and to the side while keeping your palm oriented away from yourself.",https://d2drp7fo8uq4gv.cloudfront.net/f42f546a-c49a-46db-84b6-ce03fef08974.mp4,pronouns
20,which,Question word asking for a choice.,"Begin with both hands next to each other in front of you with your thumbs pointing up. Then, move your hands in alternate directions up and down a couple of times.",https://d2drp7fo8uq4gv.cloudfront.net/5d378fe8-3410-4c74-8a13-29e8896cf183.mp4,question
38,year,Time taken by Earth to orbit the sun.,"Begin with both hands in front of you with the pinkie side of your dominant hand on top of the thumb side of your non-dominant hand. Then, move your hands in a circle around each other, with your hands ending up back where they began. Your dominant hand should move forward first, and your dominant hand should move backwards first when making the circular motion.",https://d2drp7fo8uq4gv.cloudfront.net/30028491-b88d-4ee9-81f5-8ddd1027dcd3.mp4,time
112,fast,Moving quickly.,"Begin with both hands in front of you, next to each other, with your thumbs pointing up. Then, move both hands toward yourself, while changing your handshapes to ""A"" handshapes.",https://d2drp7fo8uq4gv.cloudfront.net/aacb8b44-dc22-4e7d-8e6d-5e904356e946.mp4,attribute
127,from,Indicates origin.,"Begin with both hands in front of you, with the index finger of your non-dominant hand pointing up and the back of the index finger of your dominant hand touching your other index finger. Move your dominant hand back and away from your non-dominant hand while curling your index finger in.",https://d2drp7fo8uq4gv.cloudfront.net/1a8a05d6-9dca-4046-a41a-93b65b253d9f.mp4,preposition
167,police,Law enforcement officer.,Tap the thumb side of your dominant hand against the opposite side of your chest a couple of times. This sign mimics the outline of a police badge.,https://d2drp7fo8uq4gv.cloudfront.net/228b5ffb-aaa8-401f-92aa-0b80e8565d77.mp4,job
137,hospital,Medical treatment facility.,"Begin with your index and middle fingers pointing up and your hand near the opposite side of your forehead. Then, bring the thumb side of your hand against that side of your forehead, then bring it across and make contact with the other side of your forehead.",https://d2drp7fo8uq4gv.cloudfront.net/c861eb6f-9365-44dc-9f0d-d9f8afe20e22.mp4,place
86,say,Utter words.,"With your hand underneath your chin and your palm oriented toward yourself, tap the fingertip of your index finger on your chin a couple of times.",https://d2drp7fo8uq4gv.cloudfront.net/89f8e37a-5aad-4416-8c89-c445294b9878.mp4,activity
124,color,Hue property perceived by eyes.,Begin with your fingers in front of your mouth with your palm oriented toward yourself. Wiggle all of your fingers a few times.,https://d2drp7fo8uq4gv.cloudfront.net/92d5d951-ef75-46a0-aa62-1ceb0b59cc6e.mp4,color
69,know,Be aware of through observation or inquiry.,Tap your fingertips against the side of your head 2 times.,https://d2drp7fo8uq4gv.cloudfront.net/2fad266f-3a69-4112-bdbd-ed1af4cfd81a.mp4,activity
99,keep,Retain possession.,"Press the pinkie side of your dominant hand against the thumb side of your non-dominant hand, beginning with your dominant hand above your non-dominant hand",https://d2drp7fo8uq4gv.cloudfront.net/0a33a90b-ba69-4ca4-91ca-8df3eecadb32.mp4,activity
186,cat,Small domesticated feline.,"Begin with your hand next to the side of your face with your hand oriented toward yourself. Begin with some separation between your thumb and middle fingers, then move your hand away from your face and bring the tips of your thumb and middle fingers together. Make this motion a couple of times. This sign mimics making the outline of cat whiskers.",https://d2drp7fo8uq4gv.cloudfront.net/a5125f80-c185-48b1-8199-c15670c39000.mp4,animal
115,easy,Not difficult.,"Begin with your dominant hand slightly in front of your non-dominant hand. Move your dominant hand back 2 times, with the fingertips of your dominant hand making contact with the fingertips of your non-dominant hand.",https://d2drp7fo8uq4gv.cloudfront.net/556ade6e-5081-4332-8284-ae0e4c4cd3f9.mp4,attribute
105,good,Positive or satisfactory.,"Begin with both hands in an ""F"" handshape close to your body. Then move your hands slightly away from yourself.",https://d2drp7fo8uq4gv.cloudfront.net/1cdf8108-9aa8-4f8f-86b2-928f25144857.mp4,feeling
165,manager,Person who oversees operations.,"This sign is a combination of the signs for ""manage"" and ""person"".",https://d2drp7fo8uq4gv.cloudfront.net/384bd3ff-0306-4959-8fa7-4371b462b217.mp4,job
191,lion,Large wild feline with mane.,"Begin with your hand in front of your forehead, then move your hand over the top of your head and then to the back of your head, mimicking a lion's mane.",https://d2drp7fo8uq4gv.cloudfront.net/db7c73d6-2b49-4b93-bec7-d91b89f2b947.mp4,animal
147,bed,Furniture used for sleeping.,"Place your palm against the side of your head and tilt your head to the side, mimicking someone putting their hand underneath their head as they go to bed.",https://d2drp7fo8uq4gv.cloudfront.net/0dbee0ff-cf2c-4002-b8d5-73ef9d0a1afe.mp4,thing
74,teach,Impart knowledge or skills.,"With both hands next to each other in front of you with your palms oriented forward, slightly move your hands forward 2 times.",https://d2drp7fo8uq4gv.cloudfront.net/92dcca86-0142-473f-941c-64104e136dac.mp4,activity
40,weekend,End of the week typically Saturday and Sunday.,"Begin with your dominant hand above the fingertips of your non-dominant hand. Your non-dominant hand should be pointing to the side and oriented toward yourself. Your dominant hand should be pointing away from you. Then, move your dominant hand to the side, just past your the fingertips of your non-dominant hand, and then move it down past your non-dominant hand while opening up your hand.",https://d2drp7fo8uq4gv.cloudfront.net/12e83c71-e3fb-40e1-95fb-a89f06d7aa5c.mp4,time
181,tea,Beverage made by steeping leaves.,"With your dominant hand above your non-dominant hand, place the tips of your thumb and index fingers of your dominant hand in the gap inside of your curled in index finger of your non-dominant hand. Then, move the fingertips of your thumb and index fingers in a circular motion inside of that gap.",https://d2drp7fo8uq4gv.cloudfront.net/d52af680-003c-4c5a-bed7-86c41dfec956.mp4,food & drink
116,old,Having lived for a long time.,"Begin with the index finger side of your hand against your chin and then move your hand down, slightly moving your hand from side to side as your hand moves down.",https://d2drp7fo8uq4gv.cloudfront.net/2d6e93f8-ef50-414a-b68c-f8470f5ce8d5.mp4,attribute
62,eat,Put food into the mouth.,"With your palm orientation towards yourself, place your fingertips against your mouth. Tap your fingertips against your mouth 2 times.",https://d2drp7fo8uq4gv.cloudfront.net/c4ffb869-70c5-4187-9aa1-a2c8b8ccfda7.mp4,activity
119,green,A color between blue and yellow.,"Begin with your hand in front of you with your thumb and index fingers pointing to the side. Then, you should rotate your hand to the other side while also moving your hand to the outside.",https://d2drp7fo8uq4gv.cloudfront.net/2f667587-b200-41b0-af74-e6336179f6cf.mp4,color
56,run,Move swiftly on foot.,Begin with both hands next to each other in front of you with your thumbs touching each other and your palms oriented down. Move both of your hands forward while curling in your index fingers a few times.,https://d2drp7fo8uq4gv.cloudfront.net/da13014c-ce8a-4ace-ae2d-844f355c97be.mp4,activity
192,tiger,Large striped feline.,"Place the fingertips of your hand in front of the side of your face. Then, move your fingertips toward your face and then slightly away a couple of times, mimicking the stripes of a tiger's face.",https://d2drp7fo8uq4gv.cloudfront.net/94b8d92b-1fa0-4ee3-bc00-7868d087170f.mp4,animal
51,go,Move from one place to another.,"Begin your hand above your shoulder, and then move it away from yourself. As your hand moves, your fingers should wiggle and then change into an ""S"" handshape.",https://d2drp7fo8uq4gv.cloudfront.net/d883506c-fbaa-4dc4-a98b-cafe7a4bd865.mp4,activity
45,Friday,The fifth weekday.,"Using an ""F"" handshape and your palm oriented away from yourself, make a circular motion two times.",https://d2drp7fo8uq4gv.cloudfront.net/3cded6fc-c67d-4e34-8ffd-b1aa1d5adf4d.mp4,time
95,hear,Perceive sound with the ears.,"Begin with your hand next to the side of your head with your thumb pointing toward your ear. Then, move your thumb toward your ear while curling your index and middle fingers in.",https://d2drp7fo8uq4gv.cloudfront.net/e3342604-850b-4b3c-94d4-25bfb4d7843a.mp4,activity
34,noon,12 o’clock midday.,Place your non-dominant hand underneath the elbow of your dominant hand. The forearm of your dominant hand and your dominant hand should be vertical with your palm oriented to the side. Tap your elbow on the top of your non-dominant hand a couple of times.,https://d2drp7fo8uq4gv.cloudfront.net/0d89c60f-75ea-45b0-a3e0-af8b59fdd6fa.mp4,time
160,nurse,Healthcare worker assisting patients.,Tap the fingertips of your index and middle fingers of your dominant hand on the wrist of your non-dominant hand a couple of times.,https://d2drp7fo8uq4gv.cloudfront.net/8bd15dcb-4124-4f4b-a235-dd557226bec7.mp4,job
141,hotel,Lodging establishment.,"Begin with the index finger of your non-dominant hand against the wrist of your dominant hand. Begin with the index and middle fingers of your dominant hand extended, then bend them in a couple of times.",https://d2drp7fo8uq4gv.cloudfront.net/6bf32d00-3eeb-4de0-9ba5-96a25905d40f.mp4,
44,Thursday,The fourth weekday.,"With your hand in an ""H"" handshape an your palm oriented towards yourself, move it in a circular motion 2 times.",https://d2drp7fo8uq4gv.cloudfront.net/01fd528c-25ad-41c2-9f52-8e7a9bb55833.mp4,time
72,forget,Fail to recall.,"This sign is a combination of the signs for ""think"" and ""disappear"".",https://d2drp7fo8uq4gv.cloudfront.net/a6ed2c3d-706e-413b-b8bb-86866fb5123a.mp4,activity
182,milk,White liquid from mammals.,"Begin with your hand in front of you and in a ""5"" handshape. Then, change your handshape to an ""S"" handshape 2 times. This sign mimics squeezing a cow's udder.",https://d2drp7fo8uq4gv.cloudfront.net/2d862357-f984-4743-a622-ca2f5bcae06f.mp4,food & drink
1,my,Possessive pronoun meaning belonging to me.,Place the palm side of your hand horizontally on your chest.,https://d2drp7fo8uq4gv.cloudfront.net/01529e1f-d89e-4f61-b19d-02eba16c8266.mp4,pronouns
113,slow,Moving with little speed.,"Begin with the fingertips of your dominant hand on top of the fingertips of your non-dominant hand. Both palms should be oriented down and your fingers should be pointing away from you. Then, slide the fingertips of your dominant hand across the back of your non-dominant hand to your wrist.",https://d2drp7fo8uq4gv.cloudfront.net/881b80b6-c82e-49c4-87b2-f9a69316f0e3.mp4,attribute
85,read,Look at and comprehend written words.,"Point the index and middle fingers of your dominant hand at the palm of your non-dominant hand. Then, move the index and middle fingers of your dominant hand up and down while staying pointed at the palm side of your non-dominant hand. This side mimics eyes reading a page from a book.",https://d2drp7fo8uq4gv.cloudfront.net/79307323-4baa-427a-9c21-2890664b3ba7.mp4,activity
32,morning,Early part of the day after sunrise.,"Begin with your non-dominant hand inside the elbow of your dominant hand. The forearm of your dominant hand should be laid out horizontally in front of your with your palm oriented upward. Then, you should move your forearm up toward yourself until your forearm and hand are vertical.",https://d2drp7fo8uq4gv.cloudfront.net/5289646c-e01f-47d0-a30c-57394667e7f6.mp4,time
103,sad,Feeling sorrow.,"Begin with both hands in front of your face with your palms oriented toward yourself and your dominant hand in a slightly higher position. Then, move both hands down past your face.",https://d2drp7fo8uq4gv.cloudfront.net/e0b5522f-7d5e-40f2-9418-cf7103ab6dbf.mp4,feeling
159,doctor,Medical professional.,"Place your non-dominant hand in front of you, and then place your dominant hand in a ""D"" handshape with your fingertips near your wrist. Then, tap your wrist with your fingertips 2 times.",https://d2drp7fo8uq4gv.cloudfront.net/1c6ab3e1-0c5c-43bf-994c-31a8c8f60c32.mp4,job
64,sleep,Rest with eyes closed.,"Begin with your hand in front of your face with the fingertips of your hand pointing at the top of your head. Then, move your hand down to your chin while bringing your fingertips together.",https://d2drp7fo8uq4gv.cloudfront.net/872f7c57-f784-455e-9ec2-ffe44b83826f.mp4,activity
42,Tuesday,The second weekday.,"With your hand in a ""T"" handshape and your palm oriented away from yourself, move your hand in a circle once or twice.",https://d2drp7fo8uq4gv.cloudfront.net/b644646b-b30e-48fd-bd94-3fa994bd0f38.mp4,time
97,have,Possess or own.,"Begin with the fingertips of both hands in front of each shoulder. Then, move both your hands toward yourself until they touch your chest.",https://d2drp7fo8uq4gv.cloudfront.net/190d749b-7820-4693-88cb-9394dd62868c.mp4,activity
133,there,In that place.,"Begin with hand in front of you with your palm oriented up and your fingers pointing away from yourself. Then, move your hand forward.",https://d2drp7fo8uq4gv.cloudfront.net/22b7dd15-ee89-445e-9116-2896a9428bfb.mp4,preposition
92,see,Perceive with the eyes.,"Begin with your palm oriented toward yourself and the fingertips of your index and middle fingers in front of your eyes. Then, move your hand away from yourself.",https://d2drp7fo8uq4gv.cloudfront.net/6b4c5c62-0ff3-4403-b587-e5c1d114b1f2.mp4,activity
117,red,A primary color resembling blood.,"Begin with your hand below your chin with the tip of your index finger touching your chin and your hand oriented toward yourself. Then, move your hand down while curling in your index finger.",https://d2drp7fo8uq4gv.cloudfront.net/7691f52c-d373-4e5b-8c47-034bf01e8bb1.mp4,color
57,drive,Operate a vehicle.,"Begin with both hands in front of your chest with your dominant hand above your non-dominant hand. Then, move both hands away from you.",https://d2drp7fo8uq4gv.cloudfront.net/115992dd-2003-42f2-a4fa-75c24082df2a.mp4,activity
54,arrive,Reach a destination.,Place your dominant hand in front of you with your palm oriented upward. Begin with your dominant hand close to you with its palm oriented towards yourself. Then bring your dominant hand down onto the palm of your non-dominant hand.,https://d2drp7fo8uq4gv.cloudfront.net/0ffb7a42-0088-4f53-82a7-308faa51c5e5.mp4,activity
31,night,The period of darkness between sunset and sunrise.,"With both hands oriented down in front of you with your dominant hand on top of your non-dominant hand, tap the palm side of your dominant hand down on the back of your non-dominant hand 2 times.",https://d2drp7fo8uq4gv.cloudfront.net/3372e163-dbce-4c4b-82d9-13a0fe562b2e.mp4,time
52,come,Move toward the speaker.,"Begin with both hands in front of you with your palms oriented upward. Then bring both hands toward yourself, bending your wrists down as you move, and ending with your palms oriented downward.",https://d2drp7fo8uq4gv.cloudfront.net/bc4be3f8-9bda-4986-9680-4f497927f387.mp4,activity
55,walk,Move on foot.,"Begin with your hand near yourself with your index and middle fingers pointing down. Then, move your hand forward while moving your index and middle fingers in opposite directions forward and backward mimicking a person walking.",https://d2drp7fo8uq4gv.cloudfront.net/4e655027-4b20-4b0f-b296-cfccf0011314.mp4,activity
39,week,Seven-day period.,"Begin with your dominant hand on top of the base of your your palm with both palms oriented toward each other. Then, slide your dominant hand across your non-dominant hand.",https://d2drp7fo8uq4gv.cloudfront.net/06b766c3-30df-4e54-836f-00bc29dc68fb.mp4,time
197,grass,Short green plants forming a lawn.,"With your palm oriented upward and your fingers pointing away from yourself, bring your hand up and touch the base of your palm on the bottom of your chin a couple times.",https://d2drp7fo8uq4gv.cloudfront.net/544b9479-8c9f-40c3-8194-21fb847624a8.mp4,plant
63,drink,Swallow liquid.,"Rotate your wrist back and forth a couple of times, gesturing as if your are drinking water from a cup.",https://d2drp7fo8uq4gv.cloudfront.net/acd9107b-3a38-4349-a3e7-72c9ad9939c0.mp4,activity
174,eggs,Oval food from birds.,Begin with the index and middle fingers of your dominant hand on top of the index and middle fingers of your non-dominant hand. Rotate your wrists with your hands moving downward until your palms are oriented downward.,https://d2drp7fo8uq4gv.cloudfront.net/5a9dfc9d-06d8-48ad-b328-68ef5d712636.mp4,food & drink
43,Wednesday,The third weekday.,"With your hand in a ""W"" handshape and your palm oriented towards yourself, move your hand in a circle once or twice.",https://d2drp7fo8uq4gv.cloudfront.net/b8ec7e85-c218-471d-9811-3e793d29d350.mp4,time
28,name,Word used to identify a person or thing.,Tap the side of the middle finger of your dominant hand onto the side of the index finger of your non-dominant hand a couple of times.,https://d2drp7fo8uq4gv.cloudfront.net/353736fc-5fbd-4a2c-b813-258b86018388.mp4,communication
131,far,At a great distance.,"Begin with both hands close to your body and against each other. Then, move your dominant hand away from yourself.",https://d2drp7fo8uq4gv.cloudfront.net/1027934a-72ad-45b7-9e7a-900774c70bf4.mp4,preposition
101,close,Shut or bring together.,Begin with both hands in front of you with your non-dominant hand farther away from you and your dominant hand near your body. Then bring your index fingers of your dominant hand up to the back of the index fingers of your non-dominant hand.,https://d2drp7fo8uq4gv.cloudfront.net/51e1361e-e833-4ff5-9da1-c659cbde596d.mp4,activity
76,plan,Organize steps ahead.,"Tap your forehead with your index finger, place both hands next to each other in front of you with your palms oriented toward each other. Begin with your hands on the dominant hand side of your body and then move them over to the non-dominant hand side of your body.",https://d2drp7fo8uq4gv.cloudfront.net/13a58d2e-a0a9-4418-86b0-0e93b860ce0f.mp4,activity
29,time,"Measure of minutes, hours, etc.","With your dominant hand in a ""T"" handshape, move it in a circle in front of the palm of your non-dominant hand and then place your dominant hand against the palm of your non-dominant hand.",https://d2drp7fo8uq4gv.cloudfront.net/9340b62b-9cde-4ac7-94dd-0491f23a3a07.mp4,time
23,no,Negative response.,"With your hand in front of you and oriented away from yourself, begin with your thumb, middle, and index fingers extended, and then bring those fingertips together.",https://d2drp7fo8uq4gv.cloudfront.net/b3dc3ecd-564e-4843-bbd7-2dee28fd99fc.mp4,communication
120,yellow,A bright primary color.,"With your hand in front of you, slightly rotate your wrist side to side a couple of times.",https://d2drp7fo8uq4gv.cloudfront.net/af54dc17-9b42-4d02-bf85-7269d2f6a33f.mp4,color
170,bread,Food made from baked dough.,Move the fingertips of your dominant hand across the back of your non-dominant hand a couple of times.,https://d2drp7fo8uq4gv.cloudfront.net/d6c00a7a-4ef2-4d07-bcef-c378338a22df.mp4,food & drink
171,rice,Edible grain.,"Place the index finger of your non-dominant hand horizontally in front of you. Then, move the fingertips of your dominant hand across the top of your index finger while also moving your hand up and down.",https://d2drp7fo8uq4gv.cloudfront.net/81483040-dc8a-4f70-876c-68d311ba691c.mp4,food & drink
189,cow,Large domesticated bovine.,Begin with your thumb touching the side of your forehead and your hand oriented away from yourself. Slightly rotate your wrist back and forth a couple of times.,https://d2drp7fo8uq4gv.cloudfront.net/3096cf2b-a83c-4597-b55a-288064f8c71a.mp4,animal
130,near,Close to.,"Begin with your hand in front of your face with the fingertips of your thumb and index finger pointing at your nose, then rotate your wrist down so that your hand is oriented down.",https://d2drp7fo8uq4gv.cloudfront.net/fdf02463-e0eb-49ce-b35a-c608c1baaf20.mp4,preposition
18,when,Question word asking about time.,"Begin with both hands next to each other in front of you with the fingertips of your index fingers touching each other. Then, move your dominant hand in a circular motion that first begins by moving forward and down, and then ending with your index fingers touching each other again.",https://d2drp7fo8uq4gv.cloudfront.net/9115d062-a4b7-4397-9a6a-ec9957ab3dac.mp4,question
144,restaurant,Place where meals are served.,"With your hand oriented toward yourself and below one side of your chin, bend your index and middle fingers down, making contact with the side of your chin, then move your hand over to the other side of your chin and make the same motion.",https://d2drp7fo8uq4gv.cloudfront.net/7a862879-7b4b-4f57-ba40-57fc332f229a.mp4,
108,small,Of limited size.,Begin with both hands next to each other in front of you with your palms oriented toward each other. Slightly move your hands toward each other a couple of times.,https://d2drp7fo8uq4gv.cloudfront.net/3dc993c1-f75c-4952-914b-102bc871ce18.mp4,attribute
22,yes,Affirmative response.,"With your hand in front of you in an ""S"" handshape and your palm oriented away from yourself, bend your wrist down a couple of time. This is mimics the movement of a head moving up and down.",https://d2drp7fo8uq4gv.cloudfront.net/432c405d-0438-468a-9dab-7c47d1d06ee7.mp4,communication
143,museum,Building where artifacts are displayed.,"Begin with your hands next to each other in front of you. The thumb side of your hands should be touching. Then, move your hands away from each other, and then down.",https://d2drp7fo8uq4gv.cloudfront.net/a7b2aa43-0000-4849-80e0-e88b5b25538c.mp4,
48,today,The current day.,Begin with both hands next to each other in front of you with your palms oriented up and slightly move your hands down a couple of times.,https://d2drp7fo8uq4gv.cloudfront.net/88592958-4301-451c-aab6-39208994ed9e.mp4,time
156,door,Movable barrier for entry.,"Begin with both hands in front of you and next to each other, with your hands touching on the index finger side of your hands. Rotate the wrist of your dominant hand inward toward yourself a couple of times.. This sign mimics a door opening.",https://d2drp7fo8uq4gv.cloudfront.net/86618205-a04c-4438-a860-938e7dd1054b.mp4,thing
71,remember,Recall information.,"Begin with your the thumb of your dominant hand touching the side of your forehead, then bring your dominant hand down and touch the thumb of your dominant hand on the thumb of your non-dominant hand.",https://d2drp7fo8uq4gv.cloudfront.net/d223325d-03a3-4272-9d71-fb3dc43a2790.mp4,activity
24,hello,A greeting.,Begin with the side of your index finger against your forehead and then move your hand up and away from your head.,https://d2drp7fo8uq4gv.cloudfront.net/626bba65-f6c6-4172-92d0-ebe74234dc1f.mp4,communication
158,car,Motor vehicle.,"Begin with both hands in front of you with your dominant hand closer to you, your hands pointing up, and your palms oriented to the side in opposite directions. Begin with your hands slightly away from each other and then have them make contact with each other 2 times.",https://d2drp7fo8uq4gv.cloudfront.net/bcd86940-144b-445e-9ea2-e53e647cb4ae.mp4,thing
19,why,Question word asking for reason.,"Begin with your middle finger touching the side of your forehead. Then, move your hand down and slightly away from yourself while curling in your middle finger.",https://d2drp7fo8uq4gv.cloudfront.net/159fc305-9c5b-48a1-acce-f2b31a2ee9f3.mp4,question
157,window,Opening in a wall for light or air.,"Begin with the fingers of your dominant hand above the fingers of your non-dominant hand with the fingers of both hands pointing to the side. Then, bring your dominant hand down on top of your non-dominant hand a couple of times.",https://d2drp7fo8uq4gv.cloudfront.net/16ac4c63-43eb-42b8-b069-07c5a92f4a3d.mp4,thing
184,dog,Domesticated canine.,Snap your fingers a couple of times.,https://d2drp7fo8uq4gv.cloudfront.net/c335e71e-a69d-4dd1-888a-ef85ec2b0b19.mp4,animal
193,elephant,Massive herbivorous mammal with trunk.,"Begin with the back of your hand touching your nose. Then bring your hand down, forwards, then up, mimicking the outline of an elephant's trunk.",https://d2drp7fo8uq4gv.cloudfront.net/b558a1e1-0e4d-488c-96e5-4f8433986e9a.mp4,animal
150,computer,Electronic device for processing data.,Move the bottom of your dominant hand along the back of the wrist of your non-dominant hand 2 times.,https://d2drp7fo8uq4gv.cloudfront.net/9f7ccde5-00a1-4559-afb3-89f9e07a6453.mp4,thing
21,how,Question word asking about manner or process.,"Place both hands in front of you with your palms oriented towards each other. Slightly rotate your dominant hand forwards a couple of times, while keeping your non-dominant hand still.",https://d2drp7fo8uq4gv.cloudfront.net/ae024613-b96f-41aa-89d0-464a964e9c76.mp4,question
5,his/her,Possessive pronoun for third-person singular.,"To sign ""His,"" form an open flat palm with your dominant hand (fingers together and straight). Push your palm directly toward the person you are referring to, or toward the space in the air where you have established their presence. This open-palm gesture is distinct from pointing and is used specifically to indicate possession.",https://www.handspeak.com/word/h/his/his.mp4,pronouns
